Gemeindecode,Gemeindename,Einwohner,Bevölkerungs-dichte pro km²
1,Aeugst am Albis,1'981,250
2,Affoltern am Albis,12'303,1'162
3,Bonstetten,5'572,750
4,Hausen am Albis,3'751,276
5,Hedingen,3'778,579
6,Kappel am Albis,1'221,154
7,Knonau,2'378,368
8,Maschwanden,645,138
9,Mettmenstetten,5'200,399
10,Obfelden,5'721,759
11,Ottenbach,2'588,516
12,Rifferswil,1'129,173
13,Stallikon,3'755,312
14,Wettswil am Albis,5'240,1'390
21,Adlikon,698,106
22,Benken (ZH),845,149
23,Berg am Irchel,577,82
24,Buch am Irchel,979,96
25,Dachsen,1'916,710
26,Dorf,658,118
27,Feuerthalen,3'614,1'457
28,Flaach,1'420,140
29,Flurlingen,1'477,613
30,Andelfingen,2'247,333
31,Henggart,2'234,737
32,Humlikon,485,132
33,Kleinandelfingen,2'074,202
34,Laufen-Uhwiesen,1'761,280
35,Marthalen,1'918,136
37,Ossingen,1'668,127
38,Rheinau,1'316,147
39,Thalheim an der Thur,938,146
40,Trüllikon,1'061,111
41,Truttikon,463,105
43,Volken,380,119
51,Bachenbülach,4'180,970
52,Bassersdorf,11'824,1'309
53,Bülach,21'372,1'328
54,Dietlikon,7'847,1'846
55,Eglisau,5'339,589
56,Embrach,9'421,742
57,Freienstein-Teufen,2'389,284
58,Glattfelden,5'217,424
59,Hochfelden,1'982,321
60,Höri,2'872,600
61,Hüntwangen,1'057,215
62,Kloten,20'130,1'045
63,Lufingen,2'417,467
64,Nürensdorf,5'602,558
65,Oberembrach,1'121,109
66,Opfikon,21'014,3'759
67,Rafz,4'661,436
68,Rorbas,2'885,650
69,Wallisellen,16'841,2'623
70,Wasterkingen,563,142
71,Wil (ZH),1'474,165
72,Winkel,4'535,559
81,Bachs,592,65
82,Boppelsen,1'432,362
83,Buchs (ZH),6'565,1'124
84,Dällikon,4'177,926
85,Dänikon,1'861,648
86,Dielsdorf,5'966,1'016
87,Hüttikon,952,599
88,Neerach,3'175,526
89,Niederglatt,4'993,1'387
90,Niederhasli,9'345,827
91,Niederweningen,3'073,449
92,Oberglatt,7'228,876
93,Oberweningen,1'790,362
94,Otelfingen,2'982,417
95,Regensberg,469,198
96,Regensdorf,18'540,1'268
97,Rümlang,8'233,663
98,Schleinikon,758,133
99,Schöfflisdorf,1'377,343
100,Stadel,2'293,178
101,Steinmaur,3'609,384
102,Weiach,1'903,199
111,Bäretswil,5'053,228
112,Bubikon,7'344,633
113,Dürnten,7'606,744
114,Fischenthal,2'516,83
115,Gossau (ZH),10'280,563
116,Grüningen,3'641,415
117,Hinwil,11'277,506
118,Rüti (ZH),12'286,1'221
119,Seegräben,1'430,379
120,Wald (ZH),10'096,400
121,Wetzikon (ZH),24'990,1'487
131,Adliswil,18'944,2'438
135,Kilchberg (ZH),8'923,3'459
136,Langnau am Albis,7'727,891
137,Oberrieden,5'002,1'793
138,Richterswil,13'632,1'810
139,Rüschlikon,6'092,2'079
141,Thalwil,18'139,3'298
151,Erlenbach (ZH),5'592,1'935
152,Herrliberg,6'460,719
153,Hombrechtikon,8'775,720
154,Küsnacht (ZH),14'564,1'178
155,Männedorf,11'359,2'381
156,Meilen,14'335,1'201
157,Oetwil am See,4'840,792
158,Stäfa,14'718,1'713
159,Uetikon am See,6'201,1'792
160,Zumikon,5'486,1'001
161,Zollikon,13'067,1'665
172,Fehraltorf,6'485,685
173,Hittnau,3'664,283
176,Lindau,5'605,467
177,Pfäffikon,12'164,623
178,Russikon,4'393,309
180,Weisslingen,3'364,263
181,Wila,1'977,215
182,Wildberg,985,93
191,Dübendorf,29'303,2'151
192,Egg,8'796,605
193,Fällanden,8'689,1'362
194,Greifensee,5'385,2'372
195,Maur,10'468,709
196,Mönchaltorf,3'898,514
197,Schwerzenbach,5'170,1'973
198,Uster,35'007,1'229
199,Volketswil,18'640,1'328
200,Wangen-Brüttisellen,7'967,1'006
211,Altikon,698,91
213,Brütten,2'067,313
214,Dägerlen,1'037,130
215,Dättlikon,776,269
216,Dinhard,1'684,238
218,Ellikon an der Thur,901,179
219,Elsau,3'647,452
220,Hagenbuch,1'085,133
221,Hettlingen,3'169,537
223,Neftenbach,5'718,379
224,Pfungen,3'900,782
225,Rickenbach (ZH),2'749,457
226,Schlatt (ZH),789,88
227,Seuzach,7'440,984
228,Turbenthal,4'883,194
230,Winterthur,113'173,1'663
231,Zell (ZH),6'299,486
241,Aesch (ZH),1'669,319
242,Birmensdorf (ZH),6'724,589
243,Dietikon,27'746,2'971
244,Geroldswil,4'934,2'556
245,Oberengstringen,6'738,3'134
246,Oetwil an der Limmat,2'515,908
247,Schlieren,18'791,2'851
248,Uitikon,4'668,1'066
249,Unterengstringen,3'934,1'178
250,Urdorf,9'981,1'317
251,Weiningen (ZH),4'813,895
261,Zürich,420'217,4'779
292,Stammheim,2'790,116
293,Wädenswil,24'624,691
294,Elgg,4'942,203
295,Horgen,22'992,746
296,Illnau-Effretikon,17'333,527
297,Bauma,4'873,165
298,Wiesendangen,6'594,344
301,Aarberg,4'632,584
302,Bargen (BE),1'025,130
303,Grossaffoltern,3'031,201
304,Kallnach,2'204,123
305,Kappelen,1'414,129
306,Lyss,15'525,1'047
307,Meikirch,2'473,242
309,Radelfingen,1'287,87
310,Rapperswil (BE),2'560,113
311,Schüpfen,3'773,190
312,Seedorf (BE),3'084,148
321,Aarwangen,4'620,467
322,Auswil,440,95
323,Bannwil,661,138
324,Bleienbach,713,125
325,Busswil bei Melchnau,181,63
326,Gondiswil,728,77
329,Langenthal,16'066,760
331,Lotzwil,2'628,423
332,Madiswil,3'275,141
333,Melchnau,1'489,145
335,Oeschenbach,221,56
336,Reisiswil,174,87
337,Roggwil (BE),4'056,517
338,Rohrbach,1'484,364
339,Rohrbachgraben,394,61
340,Rütschelen,566,142
341,Schwarzhäusern,525,139
342,Thunstetten,3'425,355
344,Ursenbach,879,96
345,Wynau,1'660,327
351,Bern,134'591,2'607
352,Bolligen,6'286,379
353,Bremgarten bei Bern,4'369,2'299
354,Kirchlindach,3'214,269
355,Köniz,42'044,824
356,Muri bei Bern,13'023,1'707
357,Oberbalm,849,69
358,Stettlen,3'137,896
359,Vechigen,5'345,215
360,Wohlen bei Bern,9'266,255
361,Zollikofen,10'471,1'943
362,Ittigen,11'306,2'692
363,Ostermundigen,17'772,2'982
371,Biel/Bienne,55'602,2'624
372,Evilard,2'654,717
381,Arch,1'629,255
382,Büetigen,870,241
383,Büren an der Aare,3'584,284
385,Diessbach bei Büren,994,157
386,Dotzigen,1'478,349
387,Lengnau (BE),5'280,713
388,Leuzigen,1'289,125
389,Meienried,50,77
390,Meinisberg,1'298,296
391,Oberwil bei Büren,901,134
392,Pieterlen,4'651,557
393,Rüti bei Büren,857,132
394,Wengi,608,86
401,Aefligen,1'096,537
402,Alchenstorf,576,88
403,Bäriswil,1'046,383
404,Burgdorf,16'587,1'066
405,Ersigen,2'039,132
406,Hasle bei Burgdorf,3'326,152
407,Heimiswil,1'636,70
408,Hellsau,211,143
409,Hindelbank,2'611,269
410,Höchstetten,270,102
411,Kernenried,560,168
412,Kirchberg (BE),5'916,654
413,Koppigen,2'082,300
414,Krauchthal,2'401,124
415,Lyssach,1'437,238
418,Oberburg,2'970,210
420,Rüdtligen-Alchenflüh,2'419,889
421,Rumendingen,79,32
422,Rüti bei Lyssach,167,129
423,Willadingen,204,94
424,Wynigen,2'093,74
431,Corgémont,1'737,98
432,Cormoret,490,36
433,Cortébert,688,47
434,Courtelary,1'456,66
435,La Ferrière,529,37
437,Mont-Tramelan,109,23
438,Orvin,1'196,55
441,Renan (BE),927,73
442,Romont (BE),204,29
443,Saint-Imier,5'140,246
444,Sonceboz-Sombeval,1'952,130
445,Sonvilier,1'237,52
446,Tramelan,4'580,184
448,Villeret,924,57
449,Sauge,819,61
450,Péry-La Heutte,1'890,79
491,Brüttelen,588,89
492,Erlach,1'388,398
493,Finsterhennen,581,163
494,Gals,833,106
495,Gampelen,953,90
496,Ins,3'555,149
497,Lüscherz,551,102
498,Müntschemier,1'505,309
499,Siselen,603,109
500,Treiten,411,87
501,Tschugg,472,143
502,Vinelz,877,192
533,Bätterkinden,3'249,319
535,Deisswil bei Münchenbuchsee,91,42
536,Diemerswil,204,71
538,Fraubrunnen,5'180,162
540,Jegenstorf,5'761,427
541,Iffwil,421,83
543,Mattstetten,575,152
544,Moosseedorf,4'130,647
546,Münchenbuchsee,10'355,1'175
551,Urtenen-Schönbühl,6'317,879
552,Utzenstorf,4'376,258
553,Wiggiswil,103,72
554,Wiler bei Utzenstorf,985,258
556,Zielebach,319,167
557,Zuzwil (BE),570,164
561,Adelboden,3'352,38
562,Aeschi bei Spiez,2'244,72
563,Frutigen,6'940,96
564,Kandergrund,821,26
565,Kandersteg,1'281,10
566,Krattigen,1'131,189
567,Reichenbach im Kandertal,3'624,29
571,Beatenberg,1'196,41
572,Bönigen,2'528,167
573,Brienz (BE),3'117,65
574,Brienzwiler,473,27
575,Därligen,421,61
576,Grindelwald,3'810,22
577,Gsteigwiler,402,57
578,Gündlischwand,357,21
579,Habkern,648,13
580,Hofstetten bei Brienz,527,60
581,Interlaken,5'634,1'319
582,Iseltwald,430,20
584,Lauterbrunnen,2'279,14
585,Leissigen,1'148,111
586,Lütschental,226,18
587,Matten bei Interlaken,4'115,696
588,Niederried bei Interlaken,365,85
589,Oberried am Brienzersee,443,22
590,Ringgenberg (BE),2'574,295
591,Saxeten,93,5
592,Schwanden bei Brienz,630,89
593,Unterseen,5'852,418
594,Wilderswil,2'669,202
602,Arni (BE),930,89
603,Biglen,1'815,506
605,Bowil,1'364,93
606,Brenzikofen,492,225
607,Freimettigen,454,153
608,Grosshöchstetten,4'151,599
609,Häutligen,256,83
610,Herbligen,599,217
611,Kiesen,1'012,216
612,Konolfingen,5'347,419
613,Landiswil,607,59
614,Linden,1'300,98
615,Mirchel,626,268
616,Münsingen,12'935,820
617,Niederhünigen,656,121
619,Oberdiessbach,3'533,215
620,Oberthal,723,69
622,Oppligen,641,189
623,Rubigen,2'877,416
626,Walkringen,1'768,103
627,Worb,11'479,545
628,Zäziwil,1'579,292
629,Oberhünigen,313,52
630,Allmendingen,591,155
632,Wichtrach,4'354,375
661,Clavaleyres,48,48
662,Ferenbalm,1'236,135
663,Frauenkappelen,1'228,132
665,Gurbrü,264,142
666,Kriechenwil,442,93
667,Laupen,3'168,767
668,Mühleberg,3'013,115
669,Münchenwiler,538,217
670,Neuenegg,5'606,257
671,Wileroltigen,372,90
681,Belprahon,291,76
683,Champoz,164,23
687,Corcelles (BE),201,30
690,Court,1'415,57
691,Crémines,499,53
692,Eschert,367,56
694,Grandval,396,48
696,Loveresse,344,73
700,Moutier,7'385,377
701,Perrefitte,467,54
703,Reconvilier,2'344,284
704,Roches (BE),201,22
706,Saicourt,644,47
707,Saules (BE),152,36
708,Schelten,35,6
709,Seehof,60,7
711,Sorvilier,288,42
713,Tavannes,3'570,242
715,Rebévelier,42,12
716,Petit-Val,399,17
717,Valbirse,4'012,215
723,La Neuveville,3'756,554
724,Nods,769,29
726,Plateau de Diesse,2'028,79
731,Aegerten,2'180,1'009
732,Bellmund,1'682,444
733,Brügg,4'370,874
734,Bühl,476,160
735,Epsach,331,97
736,Hagneck,412,224
737,Hermrigen,313,92
738,Jens,649,142
739,Ipsach,3'968,2'088
740,Ligerz,547,306
741,Merzligen,391,170
742,Mörigen,856,396
743,Nidau,6'872,4'521
744,Orpund,2'873,724
745,Port,3'727,1'515
746,Safnern,1'935,344
747,Scheuren,437,207
748,Schwadernau,670,161
749,Studen (BE),3'318,1'215
750,Sutz-Lattrigen,1'391,390
751,Täuffelen,2'890,661
754,Walperswil,1'032,148
755,Worben,2'411,874
756,Twann-Tüscherz,1'163,94
761,Därstetten,855,26
762,Diemtigen,2'259,17
763,Erlenbach im Simmental,1'733,47
766,Oberwil im Simmental,789,17
767,Reutigen,1'000,89
768,Spiez,12'870,771
769,Wimmis,2'559,114
770,Stocken-Höfen,1'012,71
782,Guttannen,254,1
783,Hasliberg,1'151,28
784,Innertkirchen,1'069,5
785,Meiringen,4'639,114
786,Schattenhalb,550,17
791,Boltigen,1'252,16
792,Lenk,2'324,19
793,St. Stephan,1'330,22
794,Zweisimmen,3'040,42
841,Gsteig,970,16
842,Lauenen,823,14
843,Saanen,6'817,57
852,Guggisberg,1'523,28
853,Rüschegg,1'676,29
855,Schwarzenburg,6'744,151
861,Belp,11'572,498
863,Burgistein,1'113,148
866,Gerzensee,1'231,158
867,Gurzelen,859,190
868,Jaberg,298,227
869,Kaufdorf,1'112,540
870,Kehrsatz,4'331,975
872,Kirchdorf (BE),1'829,125
877,Niedermuhlern,501,69
879,Riggisberg,3'002,87
880,Rüeggisberg,1'761,49
883,Seftigen,2'161,556
884,Toffen,2'526,518
885,Uttigen,2'129,559
886,Wattenwil,3'018,208
888,Wald (BE),1'174,88
889,Thurnen,1'973,332
901,Eggiwil,2'473,41
902,Langnau im Emmental,9'320,193
903,Lauperswil,2'664,126
904,Röthenbach im Emmental,1'169,32
905,Rüderswil,2'392,139
906,Schangnau,905,25
907,Signau,2'624,119
908,Trub,1'324,21
909,Trubschachen,1'463,93
921,Amsoldingen,795,169
922,Blumenstein,1'248,80
923,Buchholterberg,1'523,99
924,Eriz,491,23
925,Fahrni,819,123
927,Heiligenschwendi,707,127
928,Heimberg,6'927,1'273
929,Hilterfingen,4'057,1'444
931,Homberg,502,77
932,Horrenbach-Buchen,229,11
934,Oberhofen am Thunersee,2'425,895
935,Oberlangenegg,464,51
936,Pohlern,247,25
938,Sigriswil,4'829,87
939,Steffisburg,15'929,1'076
940,Teuffenthal (BE),166,37
941,Thierachern,2'471,328
942,Thun,43'632,2'023
943,Uebeschi,685,155
944,Uetendorf,5'843,575
945,Unterlangenegg,1'008,148
946,Wachseldorn,233,66
947,Zwieselberg,329,134
948,Forst-Längenbühl,777,173
951,Affoltern im Emmental,1'106,96
952,Dürrenroth,1'046,74
953,Eriswil,1'374,121
954,Huttwil,5'004,290
955,Lützelflüh,4'197,156
956,Rüegsau,3'224,214
957,Sumiswald,5'026,85
958,Trachselwald,962,60
959,Walterswil (BE),541,69
960,Wyssachen,1'108,95
971,Attiswil,1'513,198
972,Berken,41,29
973,Bettenhausen,644,163
975,Farnern,215,58
976,Graben,342,108
977,Heimenhausen,1'140,195
979,Herzogenbuchsee,7'255,739
980,Inkwil,610,180
981,Niederbipp,4'992,253
982,Niederönz,1'681,603
983,Oberbipp,1'750,207
985,Ochlenberg,570,47
987,Rumisberg,482,94
988,Seeberg,1'529,91
989,Thörigen,1'158,255
990,Walliswil bei Niederbipp,217,148
991,Walliswil bei Wangen,606,197
992,Wangen an der Aare,2'321,445
993,Wangenried,405,139
995,Wiedlisbach,2'378,317
1001,Doppleschwand,789,114
1002,Entlebuch,3'280,58
1004,Flühli,1'929,18
1005,Hasle (LU),1'736,43
1007,Romoos,659,18
1008,Schüpfheim,4'206,110
1009,Werthenstein,2'180,138
1010,Escholzmatt-Marbach,4'351,41
1021,Aesch (LU),1'259,273
1023,Ballwil,2'710,309
1024,Emmen,31'043,1'524
1025,Ermensee,989,174
1026,Eschenbach (LU),3'627,275
1030,Hitzkirch,5'858,212
1031,Hochdorf,9'884,1'025
1032,Hohenrain,2'403,103
1033,Inwil,2'641,256
1037,Rain,2'831,301
1039,Römerswil,1'788,108
1040,Rothenburg,7'678,496
1041,Schongau,1'030,83
1051,Adligenswil,5'460,781
1052,Buchrain,6'361,1'325
1053,Dierikon,1'484,534
1054,Ebikon,13'849,1'431
1055,Gisikon,1'412,1'307
1056,Greppen,1'165,351
1057,Honau,401,321
1058,Horw,14'243,1'108
1059,Kriens,27'847,1'020
1061,Luzern,82'257,2'827
1062,Malters,7'432,260
1063,Meggen,7'436,1'023
1064,Meierskappel,1'451,213
1065,Root,5'126,593
1066,Schwarzenberg,1'726,44
1067,Udligenswil,2'294,369
1068,Vitznau,1'402,157
1069,Weggis,4'317,366
1081,Beromünster,6'624,157
1082,Büron,2'559,477
1083,Buttisholz,3'333,199
1084,Eich,1'630,274
1085,Geuensee,2'874,444
1086,Grosswangen,3'249,165
1088,Hildisrieden,2'343,333
1089,Knutwil,2'275,234
1091,Mauensee,1'460,202
1093,Neuenkirch,7'163,281
1094,Nottwil,3'965,384
1095,Oberkirch,4'794,527
1097,Rickenbach (LU),3'398,287
1098,Ruswil,7'046,156
1099,Schenkon,3'024,449
1100,Schlierbach,921,128
1102,Sempach,4'208,472
1103,Sursee,10'195,1'749
1104,Triengen,4'640,210
1107,Wolhusen,4'308,301
1121,Alberswil,659,186
1122,Altbüron,1'012,150
1123,Altishofen,1'959,137
1125,Dagmersellen,5'608,235
1127,Egolzwil,1'514,362
1128,Ettiswil,2'730,217
1129,Fischbach,700,87
1131,Grossdietwil,854,84
1132,Hergiswil bei Willisau,1'905,61
1135,Luthern,1'238,33
1136,Menznau,2'888,95
1137,Nebikon,2'695,723
1139,Pfaffnau,2'665,151
1140,Reiden,7'186,266
1142,Roggliswil,698,112
1143,Schötz,4'530,297
1145,Ufhusen,888,73
1146,Wauwil,2'261,764
1147,Wikon,1'520,184
1150,Zell (LU),2'097,151
1151,Willisau,8'970,190
1201,Altdorf (UR),9'537,934
1202,Andermatt,1'433,23
1203,Attinghausen,1'750,37
1205,Bürglen (UR),3'995,75
1206,Erstfeld,3'845,65
1207,Flüelen,1'961,158
1208,Göschenen,431,4
1209,Gurtnellen,528,6
1210,Hospental,180,5
1211,Isenthal,474,8
1212,Realp,150,2
1213,Schattdorf,5'413,331
1214,Seedorf (UR),2'051,106
1215,Seelisberg,678,51
1216,Silenen,1'957,14
1217,Sisikon,383,23
1218,Spiringen,830,13
1219,Unterschächen,702,9
1220,Wassen,405,4
1301,Einsiedeln,16'106,163
1311,Gersau,2'326,162
1321,Feusisberg,5'350,306
1322,Freienbach,16'506,1'196
1323,Wollerau,7'299,1'159
1331,Küssnacht (SZ),13'300,453
1341,Altendorf,7'059,346
1342,Galgenen,5'227,394
1343,Innerthal,177,4
1344,Lachen,8'883,3'656
1345,Reichenburg,3'825,331
1346,Schübelbach,9'190,317
1347,Tuggen,3'293,244
1348,Vorderthal,992,35
1349,Wangen (SZ),5'150,609
1361,Alpthal,621,27
1362,Arth,12'154,289
1363,Illgau,797,73
1364,Ingenbohl,8'952,668
1365,Lauerz,1'114,121
1366,Morschach,1'148,55
1367,Muotathal,3'486,20
1368,Oberiberg,870,26
1369,Riemenstalden,86,8
1370,Rothenthurm,2'460,108
1371,Sattel,1'925,111
1372,Schwyz,15'239,287
1373,Steinen,3'608,304
1374,Steinerberg,939,136
1375,Unteriberg,2'398,52
1401,Alpnach,6'053,113
1402,Engelberg,4'186,56
1403,Giswil,3'657,43
1404,Kerns,6'295,68
1405,Lungern,2'111,45
1406,Sachseln,5'170,96
1407,Sarnen,10'458,143
1501,Beckenried,3'697,152
1502,Buochs,5'285,531
1503,Dallenwil,1'832,118
1504,Emmetten,1'440,58
1505,Ennetbürgen,4'779,513
1506,Ennetmoos,2'199,156
1507,Hergiswil (NW),5'776,404
1508,Oberdorf (NW),3'114,192
1509,Stans,8'254,745
1510,Stansstad,4'624,510
1511,Wolfenschiessen,2'087,23
1630,Glarus Nord,18'626,127
1631,Glarus Süd,9'453,22
1632,Glarus,12'511,121
1701,Baar,24'617,991
1702,Cham,16'893,953
1703,Hünenberg,8'784,477
1704,Menzingen,4'551,165
1705,Neuheim,2'237,282
1706,Oberägeri,6'244,208
1707,Risch,10'990,740
1708,Steinhausen,10'129,2'010
1709,Unterägeri,8'868,346
1710,Walchwil,3'711,274
1711,Zug,30'618,1'416
2008,Châtillon (FR),484,372
2011,Cugy (FR),1'767,179
2016,Fétigny,1'068,260
2022,Gletterens,1'097,425
2025,Lully (FR),1'178,214
2027,Ménières,437,100
2029,Montagny (FR),2'677,153
2035,Nuvilly,446,112
2038,Prévondavaux,72,40
2041,Saint-Aubin (FR),1'835,233
2043,Sévaz,304,122
2044,Surpierre,1'115,75
2045,Vallon,455,130
2050,Les Montets,1'520,148
2051,Delley-Portalban,1'173,170
2053,Belmont-Broye,5'559,216
2054,Estavayer,9'762,243
2055,Cheyres-Châbles,2'317,238
2061,Auboranges,282,146
2063,Billens-Hennens,786,161
2066,Chapelle (Glâne),302,150
2067,Le Châtelard,364,49
2068,Châtonnaye,830,132
2072,Ecublens (FR),335,69
2079,Grangettes,222,67
2086,Massonnens,533,124
2087,Mézières (FR),1'044,117
2089,Montet (Glâne),394,179
2096,Romont (FR),5'366,493
2097,Rue,1'524,136
2099,Siviriez,2'281,112
2102,Ursy,3'271,219
2113,Vuisternens-devant-Romont,2'330,97
2114,Villorsonnens,1'498,97
2115,Torny,973,96
2117,Villaz,2'303,149
2121,Haut-Intyamon,1'559,26
2122,Pont-en-Ogoz,1'920,189
2123,Botterens,616,144
2124,Broc,2'627,262
2125,Bulle,23'871,1'000
2128,Châtel-sur-Montsalvens,295,145
2129,Corbières,908,94
2130,Crésuz,398,222
2131,Echarlens,829,178
2134,Grandvillard,847,35
2135,Gruyères,2'212,78
2137,Hauteville,681,65
2138,Jaun,643,12
2140,Marsens,1'959,250
2143,Morlon,638,243
2145,Le Pâquier (FR),1'336,298
2147,Pont-la-Ville,595,136
2148,Riaz,2'791,360
2149,La Roche,1'744,72
2152,Sâles,1'441,77
2153,Sorens,1'119,128
2155,Vaulruz,1'071,106
2160,Vuadens,2'435,233
2162,Bas-Intyamon,1'549,46
2163,Val-de-Charmey,2'538,23
2173,Autigny,796,128
2174,Avry,1'925,330
2175,Belfaux,3'280,369
2177,Chénens,842,214
2183,Corminboeuf,2'717,376
2186,Cottens (FR),1'504,303
2194,Ferpicloz,266,261
2196,Fribourg,38'197,4'116
2197,Givisiez,3'177,918
2198,Granges-Paccot,3'773,946
2200,Grolley,1'972,369
2206,Marly,8'138,1'054
2208,Matran,1'543,530
2211,Neyruz (FR),2'664,482
2216,Pierrafortscha,160,32
2217,Ponthaux,750,127
2220,Le Mouret,3'135,169
2226,Treyvaux,1'483,130
2228,Villars-sur-Glâne,12'228,2'231
2230,Villarsel-sur-Marly,72,52
2233,Hauterive (FR),2'531,211
2234,La Brillaz,2'052,199
2235,La Sonnaz,1'173,169
2236,Gibloux,7'606,211
2237,Prez,2'246,140
2238,Bois-d'Amont,2'273,185
2250,Courgevaux,1'428,422
2254,Courtepin,5'468,250
2257,Cressier (FR),1'003,241
2258,Fräschels,454,146
2259,Galmiz,727,80
2260,Gempenach,313,187
2261,Greng,173,180
2262,Gurmels,4'404,254
2265,Kerzers,5'029,410
2266,Kleinbösingen,702,232
2271,Meyriez,573,1'685
2272,Misery-Courtion,2'116,186
2274,Muntelier,954,867
2275,Murten,8'259,334
2276,Ried bei Kerzers,1'160,154
2278,Ulmiz,449,158
2284,Mont-Vully,4'015,229
2292,Brünisried,653,201
2293,Düdingen,8'181,266
2294,Giffers,1'638,314
2295,Bösingen,3'409,238
2296,Heitenried,1'402,154
2299,Plaffeien,3'621,54
2300,Plasselb,1'013,56
2301,Rechthalten,1'108,152
2303,St. Silvester,971,138
2304,St. Ursen,1'345,86
2305,Schmitten (FR),4'037,299
2306,Tafers,7'639,185
2307,Tentlingen,1'338,371
2308,Ueberstorf,2'379,148
2309,Wünnewil-Flamatt,5'569,420
2321,Attalens,3'562,366
2323,Bossonnens,1'512,367
2325,Châtel-Saint-Denis,7'216,151
2328,Granges (Veveyse),864,194
2333,Remaufens,1'152,195
2335,Saint-Martin (FR),1'028,105
2336,Semsales,1'435,49
2337,Le Flon,1'201,125
2338,La Verrerie,1'254,93
2401,Egerkingen,3'793,546
2402,Härkingen,1'638,297
2403,Kestenholz,1'829,213
2404,Neuendorf,2'246,315
2405,Niederbuchsiten,1'246,227
2406,Oberbuchsiten,2'282,243
2407,Oensingen,6'264,518
2408,Wolfwil,2'307,335
2421,Aedermannsdorf,579,45
2422,Balsthal,6'239,397
2424,Herbetswil,565,35
2425,Holderbank (SO),692,89
2426,Laupersdorf,1'808,117
2427,Matzendorf,1'340,119
2428,Mümliswil-Ramiswil,2'404,68
2430,Welschenrohr-Gänsbrunnen,1'158,47
2445,Biezwil,327,79
2455,Lüterkofen-Ichertswil,829,187
2456,Lüterswil-Gächliwil,320,105
2457,Messen,1'476,124
2461,Schnottwil,1'140,159
2463,Unterramsern,218,138
2464,Lüsslingen-Nennigkofen,1'084,139
2465,Buchegg,2'560,113
2471,Bättwil,1'166,698
2472,Büren (SO),1'059,170
2473,Dornach,6'849,1'183
2474,Gempen,901,150
2475,Hochwald,1'290,154
2476,Hofstetten-Flüh,3'209,427
2477,Metzerlen-Mariastein,925,109
2478,Nuglar-St. Pantaleon,1'488,235
2479,Rodersdorf,1'336,250
2480,Seewen,1'003,61
2481,Witterswil,1'452,544
2491,Hauenstein-Ifenthal,308,58
2492,Kienberg,504,59
2493,Lostorf,3'942,298
2495,Niedergösgen,3'830,887
2497,Obergösgen,2'271,626
2499,Stüsslingen,1'196,143
2500,Trimbach,6'595,868
2501,Winznau,1'902,483
2502,Wisen (SO),433,90
2503,Erlinsbach (SO),3'555,401
2511,Aeschi (SO),1'257,229
2513,Biberist,8'766,716
2514,Bolken,595,281
2516,Deitingen,2'220,292
2517,Derendingen,6'520,1'160
2518,Etziken,917,272
2519,Gerlafingen,5'336,2'884
2520,Halten,836,452
2523,Horriwil,830,314
2524,Hüniken,153,150
2525,Kriegstetten,1'304,1'144
2526,Lohn-Ammannsegg,2'844,635
2527,Luterbach,3'488,772
2528,Obergerlafingen,1'225,811
2529,Oekingen,872,365
2530,Recherswil,2'017,600
2532,Subingen,3'173,506
2534,Zuchwil,9'041,1'953
2535,Drei Höfe,740,162
2541,Balm bei Günsberg,209,38
2542,Bellach,5'284,999
2543,Bettlach,4'971,408
2544,Feldbrunnen-St. Niklaus,991,395
2545,Flumenthal,1'004,323
2546,Grenchen,17'468,671
2547,Günsberg,1'176,224
2548,Hubersdorf,737,546
2549,Kammersrohr,32,34
2550,Langendorf,3'806,1'952
2551,Lommiswil,1'540,267
2553,Oberdorf (SO),1'749,147
2554,Riedholz,2'323,325
2555,Rüttenen,1'465,167
2556,Selzach,3'434,176
2571,Boningen,769,279
2572,Däniken,2'914,537
2573,Dulliken,5'082,841
2574,Eppenberg-Wöschnau,327,181
2575,Fulenbach,1'785,398
2576,Gretzenbach,2'779,477
2578,Gunzgen,1'654,421
2579,Hägendorf,5'140,369
2580,Kappel (SO),3'265,640
2581,Olten,18'399,1'601
2582,Rickenbach (SO),1'038,376
2583,Schönenwerd,4'966,1'339
2584,Starrkirch-Wil,1'710,924
2585,Walterswil (SO),724,162
2586,Wangen bei Olten,5'134,738
2601,Solothurn,16'933,2'696
2611,Bärschwil,801,72
2612,Beinwil (SO),275,12
2613,Breitenbach,3'914,576
2614,Büsserach,2'298,304
2615,Erschwil,935,126
2616,Fehren,608,411
2617,Grindel,520,169
2618,Himmelried,947,157
2619,Kleinlützel,1'238,76
2620,Meltingen,668,116
2621,Nunningen,1'897,184
2622,Zullwil,646,177
2701,Basel,173'232,7'263
2702,Bettingen,1'163,522
2703,Riehen,21'449,1'973
2761,Aesch (BL),10'356,1'399
2762,Allschwil,21'090,2'372
2763,Arlesheim,9'158,1'322
2764,Biel-Benken,3'476,844
2765,Binningen,15'793,3'541
2766,Birsfelden,10'432,4'140
2767,Bottmingen,6'783,2'269
2768,Ettingen,5'354,847
2769,Münchenstein,12'104,1'683
2770,Muttenz,17'910,1'075
2771,Oberwil (BL),11'221,1'422
2772,Pfeffingen,2'369,484
2773,Reinach (BL),19'181,2'752
2774,Schönenbuch,1'409,1'044
2775,Therwil,9'918,1'295
2781,Blauen,699,98
2782,Brislach,1'656,176
2783,Burg im Leimental,276,97
2784,Dittingen,708,105
2785,Duggingen,1'547,264
2786,Grellingen,1'871,569
2787,Laufen,5'643,495
2788,Liesberg,1'102,88
2789,Nenzlingen,455,124
2790,Roggenburg,279,42
2791,Röschenz,1'897,188
2792,Wahlen,1'466,271
2793,Zwingen,2'453,532
2821,Arisdorf,1'653,165
2822,Augst,1'042,632
2823,Bubendorf,4'402,408
2824,Frenkendorf,6'454,1'406
2825,Füllinsdorf,4'588,993
2826,Giebenach,1'051,784
2827,Hersberg,330,199
2828,Lausen,5'320,955
2829,Liestal,14'391,792
2830,Lupsingen,1'450,466
2831,Pratteln,16'650,1'556
2832,Ramlinsburg,708,315
2833,Seltisberg,1'290,362
2834,Ziefen,1'561,200
2841,Anwil,553,140
2842,Böckten,825,362
2843,Buckten,689,345
2844,Buus,1'069,121
2845,Diepflingen,777,540
2846,Gelterkinden,6'268,641
2847,Häfelfingen,243,61
2848,Hemmiken,255,75
2849,Itingen,2'159,690
2850,Känerkinden,533,360
2851,Kilchberg (BL),161,101
2852,Läufelfingen,1'288,158
2853,Maisprach,930,183
2854,Nusshof,262,152
2855,Oltingen,498,69
2856,Ormalingen,2'261,326
2857,Rickenbach (BL),585,202
2858,Rothenfluh,764,70
2859,Rümlingen,430,189
2860,Rünenberg,746,150
2861,Sissach,6'686,751
2862,Tecknau,839,359
2863,Tenniken,915,196
2864,Thürnen,1'358,601
2865,Wenslingen,706,119
2866,Wintersingen,607,87
2867,Wittinsburg,439,137
2868,Zeglingen,493,62
2869,Zunzgen,2'612,381
2881,Arboldswil,580,167
2882,Bennwil,667,102
2883,Bretzwil,753,103
2884,Diegten,1'624,168
2885,Eptingen,535,48
2886,Hölstein,2'556,424
2887,Lampenberg,508,127
2888,Langenbruck,957,61
2889,Lauwil,315,43
2890,Liedertswil,167,86
2891,Niederdorf,1'846,420
2892,Oberdorf (BL),2'403,387
2893,Reigoldswil,1'588,172
2894,Titterten,419,113
2895,Waldenburg,1'103,133
2901,Gächlingen,876,123
2903,Löhningen,1'474,216
2904,Neunkirch,2'326,130
2914,Büttenhardt,423,106
2915,Dörflingen,1'031,177
2917,Lohn (SH),743,153
2919,Stetten (SH),1'374,291
2920,Thayngen,5'547,278
2931,Bargen (SH),312,38
2932,Beringen,4'925,264
2933,Buchberg,854,146
2936,Merishausen,856,49
2937,Neuhausen am Rheinfall,10'467,1'308
2938,Rüdlingen,781,141
2939,Schaffhausen,36'604,875
2951,Beggingen,463,37
2952,Schleitheim,1'653,76
2953,Siblingen,880,93
2961,Buch (SH),332,87
2962,Hemishofen,474,60
2963,Ramsen,1'465,109
2964,Stein am Rhein,3'505,606
2971,Hallau,2'207,144
2972,Oberhallau,438,72
2973,Trasadingen,598,144
2974,Wilchingen,1'740,82
3001,Herisau,15'763,626
3002,Hundwil,967,40
3003,Schönengrund,528,102
3004,Schwellbrunn,1'541,88
3005,Stein (AR),1'387,148
3006,Urnäsch,2'272,47
3007,Waldstatt,1'817,269
3021,Bühler,1'852,331
3022,Gais,3'066,145
3023,Speicher,4'408,539
3024,Teufen (AR),6'362,417
3025,Trogen,1'752,175
3031,Grub (AR),1'013,241
3032,Heiden,4'203,562
3033,Lutzenberg,1'299,577
3034,Rehetobel,1'756,261
3035,Reute (AR),704,141
3036,Wald (AR),872,128
3037,Walzenhausen,2'012,287
3038,Wolfhalden,1'871,270
3101,Appenzell,5'778,342
3102,Gonten,1'445,58
3103,Rüte,3'692,90
3104,Schlatt-Haslen,1'140,64
3105,Schwende,2'184,38
3111,Oberegg,1'889,129
3201,Häggenschwil,1'390,153
3202,Muolen,1'220,118
3203,St. Gallen,76'090,1'932
3204,Wittenbach,9'706,796
3211,Berg (SG),851,226
3212,Eggersriet,2'339,263
3213,Goldach,9'504,2'018
3214,Mörschwil,3'658,372
3215,Rorschach,9'438,5'302
3216,Rorschacherberg,7'382,1'041
3217,Steinach,3'608,804
3218,Tübach,1'438,723
3219,Untereggen,1'046,146
3231,Au (SG),7'809,1'679
3232,Balgach,4'891,750
3233,Berneck,3'936,700
3234,Diepoldsau,6'465,575
3235,Rheineck,3'398,1'545
3236,St. Margrethen,5'960,868
3237,Thal,6'565,680
3238,Widnau,9'756,2'312
3251,Altstätten,11'877,301
3252,Eichberg,1'520,279
3253,Marbach (SG),2'110,482
3254,Oberriet (SG),8'979,260
3255,Rebstein,4'533,1'033
3256,Rüthi (SG),2'412,259
3271,Buchs (SG),12'861,806
3272,Gams,3'550,159
3273,Grabs,7'147,131
3274,Sennwald,5'665,136
3275,Sevelen,5'112,169
3276,Wartau,5'295,127
3291,Bad Ragaz,6'264,247
3292,Flums,4'889,65
3293,Mels,8'561,62
3294,Pfäfers,1'556,12
3295,Quarten,2'949,48
3296,Sargans,6'200,655
3297,Vilters-Wangs,4'884,149
3298,Walenstadt,5'705,125
3311,Amden,1'823,42
3312,Benken (SG),2'982,181
3313,Kaltbrunn,4'924,264
3315,Schänis,3'876,97
3316,Weesen,1'717,318
3338,Schmerikon,3'766,907
3339,Uznach,6'489,861
3340,Rapperswil-Jona,27'277,1'225
3341,Gommiswald,5'218,155
3342,Eschenbach (SG),9'584,175
3352,Ebnat-Kappel,5'001,115
3359,Wildhaus-Alt St. Johann,2'606,30
3360,Nesslau,3'545,38
3372,Hemberg,902,45
3374,Lichtensteig,1'896,672
3375,Oberhelfenschwil,1'251,99
3378,Neckertal,4'044,83
3379,Wattwil,8'761,171
3392,Kirchberg (SG),9'100,214
3393,Lütisburg,1'606,114
3394,Mosnang,2'847,56
3395,Bütschwil-Ganterschwil,4'987,228
3401,Degersheim,4'121,285
3402,Flawil,10'425,909
3405,Jonschwil,3'834,349
3407,Oberuzwil,6'403,455
3408,Uzwil,13'129,906
3422,Niederbüren,1'505,95
3423,Niederhelfenschwil,3'136,192
3424,Oberbüren,4'542,256
3426,Zuzwil (SG),4'792,534
3427,Wil (SG),24'159,1'160
3441,Andwil (SG),1'999,317
3442,Gaiserwald,8'327,659
3443,Gossau (SG),18'108,658
3444,Waldkirch,3'533,113
3506,Vaz/Obervaz,2'786,66
3513,Lantsch/Lenz,539,25
3514,Schmitten (GR),221,19
3542,Albula/Alvra,1'283,14
3543,Surses,2'327,7
3544,Bergün Filisur,898,5
3551,Brusio,1'120,24
3561,Poschiavo,3'493,18
3572,Falera,620,28
3575,Laax,1'885,59
3581,Sagogn,728,105
3582,Schluein,612,128
3603,Vals,979,6
3618,Lumnezia,2'019,12
3619,Ilanz/Glion,4'757,36
3633,Fürstenau,357,270
3637,Rothenbrunnen,304,98
3638,Scharans,790,55
3640,Sils im Domleschg,960,103
3661,Cazis,2'264,73
3662,Flerden,247,41
3663,Masein,498,119
3668,Thusis,3'278,195
3669,Tschappina,133,5
3670,Urmein,147,34
3672,Safiental,903,6
3673,Domleschg,2'113,46
3681,Avers,171,2
3695,Sufers,145,4
3701,Andeer,906,20
3711,Rongellen,53,26
3712,Zillis-Reischen,396,16
3713,Ferrera,80,1
3714,Rheinwald,581,4
3715,Muntogna da Schons,360,7
3721,Bonaduz,3'467,241
3722,Domat/Ems,8'132,336
3723,Rhäzüns,1'557,116
3731,Felsberg,2'589,193
3732,Flims,2'912,58
3733,Tamins,1'222,30
3734,Trin,1'414,30
3746,Zernez,1'523,4
3752,Samnaun,772,14
3762,Scuol,4'624,11
3764,Valsot,841,5
3781,Bever,607,13
3782,Celerina/Schlarigna,1'502,63
3783,Madulain,207,13
3784,Pontresina,2'147,18
3785,La Punt Chamues-ch,679,11
3786,Samedan,2'913,26
3787,St. Moritz,4'882,170
3788,S-chanf,681,5
3789,Sils im Engadin/Segl,702,11
3790,Silvaplana,1'132,25
3791,Zuoz,1'177,18
3792,Bregaglia,1'555,6
3804,Buseno,89,8
3805,Castaneda,274,69
3808,Rossa,151,3
3810,Santa Maria in Calanca,109,12
3821,Lostallo,805,16
3822,Mesocco,1'344,8
3823,Soazza,319,7
3831,Cama,552,37
3832,Grono,1'406,38
3834,Roveredo (GR),2'581,67
3835,San Vittore,841,38
3837,Calanca,200,5
3847,Val Müstair,1'437,7
3851,Davos,10'862,38
3861,Fideris,595,23
3862,Furna,202,6
3863,Jenaz,1'151,44
3871,Klosters,4'431,20
3881,Conters im Prättigau,222,12
3882,Küblis,844,104
3891,Luzein,1'591,19
3901,Chur,37'082,684
3911,Churwalden,1'912,39
3921,Arosa,3'145,20
3932,Tschiertschen-Praden,307,11
3945,Trimmis,3'310,77
3946,Untervaz,2'521,91
3947,Zizers,3'490,317
3951,Fläsch,835,42
3952,Jenins,895,85
3953,Maienfeld,3'006,93
3954,Malans,2'419,212
3955,Landquart,8'926,473
3961,Grüsch,2'116,49
3962,Schiers,2'705,44
3972,Seewis im Prättigau,1'370,28
3981,Breil/Brigels,1'728,18
3982,Disentis/Mustér,2'046,22
3983,Medel (Lucmagn),355,3
3985,Sumvitg,1'121,11
3986,Tujetsch,1'207,9
3987,Trun,1'164,22
3988,Obersaxen Mundaun,1'165,17
4001,Aarau,21'773,1'764
4002,Biberstein,1'598,390
4003,Buchs (AG),7'971,1'498
4004,Densbüren,721,58
4005,Erlinsbach (AG),4'252,431
4006,Gränichen,7'994,464
4007,Hirschthal,1'611,456
4008,Küttigen,6'268,527
4009,Muhen,3'907,556
4010,Oberentfelden,8'510,1'189
4012,Suhr,10'476,986
4013,Unterentfelden,4'249,1'475
4021,Baden,19'547,1'484
4022,Bellikon,1'550,314
4023,Bergdietikon,2'831,477
4024,Birmenstorf (AG),2'988,383
4026,Ennetbaden,3'501,1'659
4027,Fislisbach,5'552,1'099
4028,Freienwil,1'038,260
4029,Gebenstorf,5'461,967
4030,Killwangen,2'057,847
4031,Künten,1'795,367
4032,Mägenwil,2'123,610
4033,Mellingen,5'772,1'185
4034,Neuenhof,8'950,1'664
4035,Niederrohrdorf,4'134,1'241
4037,Oberrohrdorf,4'080,949
4038,Obersiggenthal,8'628,1'032
4039,Remetschwil,2'019,520
4040,Spreitenbach,12'065,1'403
4041,Stetten (AG),2'201,499
4042,Turgi,3'004,1'938
4044,Untersiggenthal,7'211,871
4045,Wettingen,20'934,1'975
4046,Wohlenschwil,1'603,365
4047,Würenlingen,4'768,509
4048,Würenlos,6'494,720
4049,Ehrendingen,4'840,664
4061,Arni (AG),1'868,554
4062,Berikon,4'756,884
4063,Bremgarten (AG),8'211,723
4064,Büttikon,975,346
4065,Dottikon,3'891,1'003
4066,Eggenwil,1'034,420
4067,Fischbach-Göslikon,1'607,523
4068,Hägglingen,2'445,315
4071,Jonen,2'183,383
4072,Niederwil (AG),2'815,458
4073,Oberlunkhofen,2'035,626
4074,Oberwil-Lieli,2'457,459
4075,Rudolfstetten-Friedlisberg,4'508,920
4076,Sarmenstorf,2'929,353
4077,Tägerig,1'489,453
4078,Uezwil,488,200
4079,Unterlunkhofen,1'469,327
4080,Villmergen,7'472,626
4081,Widen,3'779,1'442
4082,Wohlen (AG),16'613,1'331
4083,Zufikon,4'503,936
4084,Islisberg,631,380
4091,Auenstein,1'605,283
4092,Birr,4'582,907
4093,Birrhard,757,252
4094,Bözen,804,203
4095,Brugg,12'575,1'522
4096,Effingen,621,91
4097,Elfingen,294,70
4099,Habsburg,422,189
4100,Hausen (AG),3'646,1'139
4104,Lupfig,3'141,372
4105,Mandach,334,60
4106,Mönthal,394,100
4107,Mülligen,1'086,344
4110,Remigen,1'225,156
4111,Riniken,1'459,307
4112,Rüfenach,841,202
4117,Thalheim (AG),812,82
4120,Veltheim (AG),1'518,290
4121,Villigen,2'148,192
4122,Villnachern,1'653,287
4123,Windisch,7'613,1'551
4124,Bözberg,1'645,106
4125,Schinznach,2'263,185
4131,Beinwil am See,3'361,878
4132,Birrwil,1'149,337
4133,Burg (AG),1'000,1'064
4134,Dürrenäsch,1'260,213
4135,Gontenschwil,2'169,223
4136,Holziken,1'474,515
4137,Leimbach (AG),473,411
4138,Leutwil,758,202
4139,Menziken,6'519,1'022
4140,Oberkulm,2'725,290
4141,Reinach (AG),8'781,927
4142,Schlossrued,835,115
4143,Schmiedrued,1'152,133
4144,Schöftland,4'427,705
4145,Teufenthal (AG),1'641,460
4146,Unterkulm,3'134,353
4147,Zetzwil,1'348,232
4161,Eiken,2'301,325
4163,Frick,5'655,568
4164,Gansingen,1'053,120
4165,Gipf-Oberfrick,3'646,359
4166,Herznach,1'578,252
4167,Hornussen,971,134
4169,Kaisten,2'682,148
4170,Laufenburg,3'680,254
4172,Münchwilen (AG),950,386
4173,Oberhof,589,72
4175,Oeschgen,1'044,238
4176,Schwaderloch,685,246
4177,Sisseln,1'601,635
4179,Ueken,884,173
4181,Wittnau,1'330,118
4182,Wölflinswil,1'042,110
4183,Zeihen,1'175,171
4184,Mettauertal,2'035,94
4191,Ammerswil,722,226
4192,Boniswil,1'480,614
4193,Brunegg,874,564
4194,Dintikon,2'254,606
4195,Egliswil,1'477,235
4196,Fahrwangen,2'280,569
4197,Hallwil,879,403
4198,Hendschiken,1'322,376
4199,Holderbank (AG),1'377,591
4200,Hunzenschwil,4'038,1'239
4201,Lenzburg,10'822,957
4202,Meisterschwanden,2'955,695
4203,Möriken-Wildegg,4'498,680
4204,Niederlenz,4'765,1'440
4205,Othmarsingen,2'929,621
4206,Rupperswil,5'483,882
4207,Schafisheim,3'031,479
4208,Seengen,4'081,421
4209,Seon,5'223,543
4210,Staufen,3'876,1'083
4221,Abtwil,964,232
4222,Aristau,1'487,172
4223,Auw,2'144,250
4224,Beinwil (Freiamt),1'176,104
4226,Besenbüren,631,265
4227,Bettwil,636,150
4228,Boswil,2'873,244
4229,Bünzen,1'113,193
4230,Buttwil,1'240,271
4231,Dietwil,1'333,243
4232,Geltwil,221,67
4233,Kallern,387,144
4234,Merenschwand,3'667,271
4235,Mühlau,1'209,219
4236,Muri (AG),8'137,659
4237,Oberrüti,1'542,287
4238,Rottenschwil,910,203
4239,Sins,4'278,211
4240,Waltenschwil,2'964,653
4251,Hellikon,785,112
4252,Kaiseraugst,5'533,1'129
4253,Magden,3'885,353
4254,Möhlin,11'047,588
4255,Mumpf,1'553,499
4256,Obermumpf,1'047,209
4257,Olsberg,361,78
4258,Rheinfelden,13'503,842
4259,Schupfart,802,114
4260,Stein (AG),3'184,1'133
4261,Wallbach,1'984,440
4262,Wegenstetten,1'040,146
4263,Zeiningen,2'381,209
4264,Zuzgen,864,103
4271,Aarburg,8'376,1'899
4273,Bottenwil,804,158
4274,Brittnau,3'947,289
4275,Kirchleerau,870,200
4276,Kölliken,4'581,515
4277,Moosleerau,899,236
4279,Murgenthal,3'013,162
4280,Oftringen,14'101,1'097
4281,Reitnau,1'555,194
4282,Rothrist,9'148,772
4283,Safenwil,3'924,655
4284,Staffelbach,1'301,146
4285,Strengelbach,4'870,808
4286,Uerkheim,1'346,190
4287,Vordemwald,1'977,195
4288,Wiliberg,163,139
4289,Zofingen,11'861,1'070
4301,Baldingen,266,94
4302,Böbikon,171,66
4303,Böttstein,3'919,527
4304,Döttingen,4'139,597
4305,Endingen,2'565,215
4306,Fisibach,510,88
4307,Full-Reuenthal,880,183
4308,Kaiserstuhl,415,1'297
4309,Klingnau,3'536,527
4310,Koblenz,1'689,414
4311,Leibstadt,1'384,217
4312,Lengnau (AG),2'780,219
4313,Leuggern,2'141,156
4314,Mellikon,229,85
4315,Rekingen (AG),973,314
4316,Rietheim,717,183
4317,Rümikon,334,115
4318,Schneisingen,1'486,180
4319,Siglistorf,636,115
4320,Tegerfelden,1'195,168
4322,Wislikofen,353,94
4323,Bad Zurzach,4'365,669
4401,Arbon,14'796,2'466
4406,Dozwil,683,525
4411,Egnach,4'699,255
4416,Hefenhofen,1'210,199
4421,Horn,2'901,1'677
4426,Kesswil,999,223
4431,Roggwil (TG),3'095,257
4436,Romanshorn,11'269,1'291
4441,Salmsach,1'477,545
4446,Sommeri,610,145
4451,Uttwil,1'893,435
4461,Amriswil,13'816,726
4471,Bischofszell,5'982,517
4476,Erlen,3'779,310
4486,Hauptwil-Gottshaus,1'993,160
4495,Hohentannen,584,73
4501,Kradolf-Schönenberg,3'609,330
4506,Sulgen,3'918,430
4511,Zihlschlacht-Sitterdorf,2'442,200
4536,Basadingen-Schlattingen,1'829,117
4545,Diessenhofen,4'042,401
4546,Schlatt (TG),1'777,114
4551,Aadorf,9'047,454
4561,Felben-Wellhausen,2'869,389
4566,Frauenfeld,25'781,942
4571,Gachnang,4'455,457
4590,Hüttlingen,842,73
4591,Matzingen,2'967,386
4601,Neunforn,1'048,92
4606,Stettfurt,1'224,192
4611,Thundorf,1'488,95
4616,Uesslingen-Buch,1'084,77
4621,Warth-Weiningen,1'333,162
4641,Altnau,2'285,340
4643,Bottighofen,2'301,955
4646,Ermatingen,3'527,337
4651,Gottlieben,333,1'041
4656,Güttingen,1'661,174
4666,Kemmental,2'601,104
4671,Kreuzlingen,22'188,1'929
4681,Langrickenbach,1'273,118
4683,Lengwil,1'744,196
4691,Münsterlingen,3'494,640
4696,Tägerwilen,4'762,412
4701,Wäldi,1'047,86
4711,Affeltrangen,2'606,181
4716,Bettwiesen,1'226,318
4721,Bichelsee-Balterswil,2'878,235
4723,Braunau,815,89
4724,Eschlikon,4'480,720
4726,Fischingen,2'802,92
4741,Lommis,1'211,141
4746,Münchwilen (TG),5'680,727
4751,Rickenbach (TG),2'803,1'774
4756,Schönholzerswilen,846,77
4761,Sirnach,7'803,630
4776,Tobel-Tägerschen,1'604,226
4781,Wängi,4'769,290
4786,Wilen (TG),2'521,1'120
4791,Wuppenau,1'118,92
4801,Berlingen,890,249
4806,Eschenz,1'832,153
4811,Herdern,1'115,81
4816,Homburg,1'542,64
4821,Hüttwilen,1'773,100
4826,Mammern,659,121
4831,Müllheim,3'003,344
4841,Pfyn,2'071,158
4846,Raperswilen,413,54
4851,Salenstein,1'369,209
4864,Steckborn,3'746,427
4871,Wagenhausen,1'713,145
4881,Amlikon-Bissegg,1'341,93
4891,Berg (TG),3'449,262
4901,Birwinken,1'340,109
4911,Bürglen (TG),3'959,338
4921,Bussnang,2'458,130
4941,Märstetten,2'889,290
4946,Weinfelden,11'602,749
4951,Wigoltingen,2'464,144
5001,Arbedo-Castione,5'057,236
5002,Bellinzona,43'279,264
5003,Cadenazzo,2'942,351
5009,Isone,396,31
5010,Lumino,1'571,156
5017,Sant'Antonino,2'510,383
5048,Acquarossa,1'813,29
5049,Blenio,1'770,9
5050,Serravalle,2'075,21
5061,Airolo,1'481,16
5063,Bedretto,106,1
5064,Bodio,968,149
5071,Dalpe,171,12
5072,Faido,2'889,22
5073,Giornico,833,43
5076,Personico,331,9
5077,Pollegio,799,133
5078,Prato (Leventina),409,24
5079,Quinto,1'020,14
5091,Ascona,5'497,1'111
5096,Brione sopra Minusio,480,126
5097,Brissago,1'695,95
5108,Gordola,4'666,672
5112,Lavertezzo 3),1'299,22
5113,Locarno,15'776,844
5115,Losone,6'695,723
5117,Mergoscia,209,17
5118,Minusio,7'281,1'242
5120,Muralto,2'675,4'534
5121,Orselina,717,370
5125,Ronco sopra Ascona,573,114
5131,Tenero-Contra,3'223,873
5136,Onsernone,661,6
5138,Cugnasco-Gerra 3),2'845,79
5141,Agno,4'403,1'761
5143,Aranno,376,145
5144,Arogno,992,117
5146,Astano,299,78
5148,Bedano,1'545,826
5149,Bedigliora,611,238
5151,Bioggio,2'658,415
5154,Bissone,913,491
5160,Brusino Arsizio,459,111
5161,Cademario,776,196
5162,Cadempino,1'536,2'021
5167,Canobbio,2'316,1'809
5171,Caslano,4'304,1'515
5176,Comano,2'047,994
5178,Croglio,858,195
5180,Cureglia,1'422,1'342
5181,Curio,565,205
5186,Grancia,463,759
5187,Gravesano,1'375,1'937
5189,Lamone,1'727,928
5192,Lugano,62'615,825
5193,Magliaso,1'627,1'479
5194,Manno,1'305,551
5195,Maroggia,700,700
5196,Massagno,6'153,8'315
5197,Melano,1'437,314
5198,Melide,1'806,1'075
5199,Mezzovico-Vira,1'377,124
5200,Miglieglia,317,62
5202,Monteggio,849,253
5203,Morcote,715,256
5205,Muzzano,810,519
5206,Neggio,324,364
5207,Novaggio,832,192
5208,Origlio,1'482,713
5210,Paradiso,4'303,4'835
5212,Ponte Capriasca,1'907,309
5213,Ponte Tresa,773,1'840
5214,Porza,1'526,978
5216,Pura,1'348,443
5219,Rovio,817,146
5221,Savosa,2'199,2'972
5222,Sessa,685,238
5225,Sorengo,1'835,2'159
5226,Capriasca,6'737,185
5227,Torricella-Taverne,3'104,591
5230,Vernate,583,386
5231,Vezia,1'877,1'350
5233,Vico Morcote,431,219
5236,Collina d'Oro,4'615,750
5237,Alto Malcantone,1'392,63
5238,Monteceneri,4'508,125
5242,Balerna,3'270,1'292
5249,Castel San Pietro,2'194,186
5250,Chiasso,7'759,1'450
5251,Coldrerio,2'903,1'180
5254,Mendrisio,14'870,468
5257,Morbio Inferiore,4'517,1'999
5260,Novazzano,2'346,449
5263,Riva San Vitale,2'654,437
5266,Stabio,4'510,733
5268,Vacallo,3'383,2'063
5269,Breggia,1'936,76
5281,Biasca,6'092,103
5287,Riviera,4'209,49
5304,Bosco/Gurin,49,2
5307,Campo (Vallemaggia),51,1
5309,Cerentino,45,2
5310,Cevio,1'146,8
5315,Linescio,47,7
5317,Maggia,2'609,23
5323,Lavizzara,508,3
5324,Avegno Gordevio,1'512,55
5396,Terre di Pedemonte,2'625,226
5397,Centovalli,1'134,21
5398,Gambarogno,5'136,99
5399,Verzasca 3),640,4
5401,Aigle,10'197,621
5402,Bex,7'879,82
5403,Chessel,428,121
5404,Corbeyrier,434,20
5405,Gryon,1'348,89
5406,Lavey-Morcles,929,65
5407,Leysin,3'782,204
5408,Noville,1'170,113
5409,Ollon,7'555,127
5410,Ormont-Dessous,1'142,18
5411,Ormont-Dessus,1'433,23
5412,Rennaz,872,398
5413,Roche (VD),1'827,283
5414,Villeneuve (VD),5'763,180
5415,Yvorne,1'067,87
5421,Apples,1'460,113
5422,Aubonne,3'807,265
5423,Ballens,542,64
5424,Berolle,300,31
5425,Bière,1'593,64
5426,Bougy-Villars,473,267
5427,Féchy,860,319
5428,Gimel,2'236,118
5429,Longirod,481,51
5430,Marchissy,472,39
5431,Mollens (VD),307,28
5434,Saint-George,1'063,86
5435,Saint-Livres,688,85
5436,Saint-Oyens,447,146
5437,Saubraz,422,114
5451,Avenches,4'295,221
5456,Cudrefin,1'733,112
5458,Faoug,881,253
5464,Vully-les-Lacs,3'274,157
5471,Bettens,650,174
5472,Bournens,420,107
5473,Boussens,991,314
5474,La Chaux (Cossonay),395,59
5475,Chavannes-le-Veyron,152,58
5476,Chevilly,315,81
5477,Cossonay,4'044,488
5478,Cottens (VD),486,207
5479,Cuarnens,486,68
5480,Daillens,1'034,187
5481,Dizy,234,77
5482,Eclépens,1'219,210
5483,Ferreyres,318,101
5484,Gollion,939,172
5485,Grancy,397,70
5486,L'Isle,1'009,62
5487,Lussery-Villars,459,123
5488,Mauraz,57,114
5489,Mex (VD),718,254
5490,Moiry,310,47
5491,Mont-la-Ville,478,24
5492,Montricher,966,37
5493,Orny,416,75
5494,Pampigny,1'103,99
5495,Penthalaz,3'258,842
5496,Penthaz,1'760,458
5497,Pompaples,849,191
5498,La Sarraz,2'646,344
5499,Senarclens,477,120
5500,Sévery,227,95
5501,Sullens,1'034,264
5503,Vufflens-la-Ville,1'290,240
5511,Assens,1'075,201
5512,Bercher,1'281,300
5513,Bioley-Orjulaz,520,167
5514,Bottens,1'298,189
5515,Bretigny-sur-Morrens,864,301
5516,Cugy (VD),2'765,950
5518,Echallens,5'726,860
5520,Essertines-sur-Yverdon,1'031,106
5521,Etagnières,1'144,303
5522,Fey,751,102
5523,Froideville,2'643,373
5527,Morrens (VD),1'129,308
5529,Oulens-sous-Echallens,615,105
5530,Pailly,562,97
5531,Penthéréaz,421,74
5533,Poliez-Pittet,828,165
5534,Rueyres,265,133
5535,Saint-Barthélemy (VD),790,192
5537,Villars-le-Terroir,1'227,173
5539,Vuarrens,1'054,118
5540,Montilliez,1'819,153
5541,Goumoëns,1'140,107
5551,Bonvillars,490,65
5552,Bullet,657,39
5553,Champagne,1'057,270
5554,Concise,1'024,90
5555,Corcelles-près-Concise,402,99
5556,Fiez,445,65
5557,Fontaines-sur-Grandson,215,27
5559,Giez,413,87
5560,Grandevent,221,64
5561,Grandson,3'341,426
5562,Mauborget,120,22
5563,Mutrux,152,47
5564,Novalles,100,49
5565,Onnens (VD),496,96
5566,Provence,378,12
5568,Sainte-Croix,4'891,124
5571,Tévenon,897,63
5581,Belmont-sur-Lausanne,3'774,1'424
5582,Cheseaux-sur-Lausanne,4'335,947
5583,Crissier,7'965,1'448
5584,Epalinges,9'695,2'117
5585,Jouxtens-Mézery,1'423,737
5586,Lausanne,139'408,3'369
5587,Le Mont-sur-Lausanne,8'992,918
5588,Paudex,1'529,3'120
5589,Prilly,12'413,5'642
5590,Pully,18'458,3'150
5591,Renens (VD),20'886,7'080
5592,Romanel-sur-Lausanne,3'289,1'142
5601,Chexbres,2'234,1'039
5604,Forel (Lavaux),2'064,112
5606,Lutry,10'348,1'223
5607,Puidoux,2'869,126
5609,Rivaz,342,1'103
5610,Saint-Saphorin (Lavaux),380,427
5611,Savigny,3'352,209
5613,Bourg-en-Lavaux,5'343,554
5621,Aclens,539,138
5622,Bremblens,577,198
5623,Buchillon,685,326
5624,Bussigny,8'930,1'857
5625,Bussy-Chardonney,384,125
5627,Chavannes-près-Renens,7'851,4'758
5628,Chigny,382,429
5629,Clarmont,191,187
5631,Denens,740,224
5632,Denges,1'608,969
5633,Echandens,2'733,704
5634,Echichens,3'071,231
5635,Ecublens (VD),13'079,2'287
5636,Etoy,2'932,596
5637,Lavigny,986,247
5638,Lonay,2'669,717
5639,Lully (VD),818,399
5640,Lussy-sur-Morges,694,297
5642,Morges,15'844,4'137
5643,Préverenges,5'239,2'802
5644,Reverolle,411,348
5645,Romanel-sur-Morges,463,263
5646,Saint-Prex,5'766,1'041
5648,Saint-Sulpice (VD),4'704,2'529
5649,Tolochenaz,1'908,1'200
5650,Vaux-sur-Morges,196,93
5651,Villars-Sainte-Croix,970,588
5652,Villars-sous-Yens,603,198
5653,Vufflens-le-Château,883,413
5654,Vullierens,514,75
5655,Yens,1'473,155
5661,Boulens,365,107
5663,Bussy-sur-Moudon,218,70
5665,Chavannes-sur-Moudon,210,41
5669,Curtilles,310,63
5671,Dompierre (VD),233,73
5673,Hermenches,366,77
5674,Lovatens,136,39
5675,Lucens,4'199,218
5678,Moudon,6'067,388
5680,Ogens,295,87
5683,Prévonloup,194,105
5684,Rossenges,84,78
5688,Syens,155,62
5690,Villars-le-Comte,122,29
5692,Vucherens,577,176
5693,Montanaire,2'719,81
5701,Arnex-sur-Nyon,230,113
5702,Arzier-Le Muids,2'807,54
5703,Bassins,1'386,67
5704,Begnins,1'931,403
5705,Bogis-Bossey,843,344
5706,Borex,1'128,567
5707,Chavannes-de-Bogis,1'366,478
5708,Chavannes-des-Bois,966,456
5709,Chéserex,1'238,117
5710,Coinsins,493,169
5711,Commugny,2'930,449
5712,Coppet,3'239,1'732
5713,Crans (VD),2'286,530
5714,Crassier,1'174,578
5715,Duillier,1'089,265
5716,Eysins,1'735,729
5717,Founex,3'776,788
5718,Genolier,1'997,411
5719,Gingins,1'237,98
5720,Givrins,1'024,259
5721,Gland,13'181,1'584
5722,Grens,382,150
5723,Mies,2'118,614
5724,Nyon,21'452,3'155
5725,Prangins,4'085,673
5726,La Rippe,1'140,69
5727,Saint-Cergue,2'589,107
5728,Signy-Avenex,594,306
5729,Tannay,1'594,881
5730,Trélex,1'434,249
5731,Le Vaud,1'357,436
5732,Vich,1'083,699
5741,L'Abergement,242,42
5742,Agiez,355,65
5743,Arnex-sur-Orbe,632,83
5744,Ballaigues,1'108,122
5745,Baulmes,1'042,46
5746,Bavois,951,102
5747,Bofflens,194,46
5748,Bretonnières,270,50
5749,Chavornay,5'130,266
5750,Les Clées,185,26
5752,Croy,402,90
5754,Juriens,328,35
5755,Lignerolle,436,41
5756,Montcherand,505,164
5757,Orbe,7'018,582
5758,La Praz,165,32
5759,Premier,215,35
5760,Rances,504,51
5761,Romainmôtier-Envy,533,76
5762,Sergey,145,99
5763,Valeyres-sous-Rances,619,98
5764,Vallorbe,3'835,165
5765,Vaulion,497,38
5766,Vuiteboeuf,578,114
5785,Corcelles-le-Jorat,457,58
5788,Essertes,380,229
5790,Maracon,538,123
5792,Montpreveyres,657,159
5798,Ropraz,488,101
5799,Servion,1'996,316
5803,Vulliens,614,93
5804,Jorat-Menthue,1'591,90
5805,Oron,5'661,230
5806,Jorat-Mézières,2'951,266
5812,Champtauroz,130,43
5813,Chevroux,493,145
5816,Corcelles-près-Payerne,2'564,212
5817,Grandcour,952,93
5819,Henniez,373,143
5821,Missy,360,116
5822,Payerne,10'040,415
5827,Trey,285,75
5828,Treytorrens (Payerne),111,36
5830,Villarzel,451,59
5831,Valbroye,3'295,98
5841,Château-d'Oex,3'456,30
5842,Rossinière,543,23
5843,Rougemont,858,18
5851,Allaman,451,173
5852,Bursinel,473,266
5853,Bursins,783,232
5854,Burtigny,387,68
5855,Dully,639,387
5856,Essertines-sur-Rolle,725,104
5857,Gilly,1'369,176
5858,Luins,622,233
5859,Mont-sur-Rolle,2'686,696
5860,Perroy,1'496,514
5861,Rolle,6'249,2'281
5862,Tartegnin,230,211
5863,Vinzel,355,323
5871,L'Abbaye,1'478,46
5872,Le Chenit,4'642,47
5873,Le Lieu,900,28
5881,Blonay,6'150,383
5882,Chardonne,3'026,293
5883,Corseaux,2'285,2'136
5884,Corsier-sur-Vevey,3'362,499
5885,Jongny,1'543,714
5886,Montreux,25'984,778
5888,Saint-Légier-La Chiésaz,5'247,346
5889,La Tour-de-Peilz,11'884,3'645
5890,Vevey,19'824,8'260
5891,Veytaux,920,136
5902,Belmont-sur-Yverdon,374,58
5903,Bioley-Magnoux,229,53
5904,Chamblon,539,188
5905,Champvent,691,77
5907,Chavannes-le-Chêne,311,78
5908,Chêne-Pâquier,152,72
5909,Cheseaux-Noréaz,725,123
5910,Cronay,394,60
5911,Cuarny,239,52
5912,Démoret,157,37
5913,Donneloye,824,91
5914,Ependes (VD),356,74
5919,Mathod,601,91
5921,Molondin,239,44
5922,Montagny-près-Yverdon,747,212
5923,Oppens,203,56
5924,Orges,332,83
5925,Orzens,208,50
5926,Pomy,793,141
5928,Rovray,185,58
5929,Suchy,645,97
5930,Suscévaz,215,52
5931,Treycovagnes,491,236
5932,Ursins,225,67
5933,Valeyres-sous-Montagny,709,311
5934,Valeyres-sous-Ursins,227,79
5935,Villars-Epeney,101,117
5937,Vugelles-La Mothe,135,44
5938,Yverdon-les-Bains,30'156,2'227
5939,Yvonand,3'432,256
6002,Brig-Glis,13'079,347
6004,Eggerberg,338,56
6007,Naters,10'175,69
6008,Ried-Brig,2'111,44
6009,Simplon,300,3
6010,Termen,971,52
6011,Zwischbergen,74,1
6021,Ardon,3'293,162
6022,Chamoson,3'915,121
6023,Conthey,8'837,104
6024,Nendaz,6'737,78
6025,Vétroz,6'398,613
6032,Bourg-Saint-Pierre,200,2
6033,Liddes,711,12
6034,Orsières,3'172,19
6035,Sembrancher,1'031,58
6037,Val de Bagnes,10'185,34
6052,Bellwald,375,27
6054,Binn,134,2
6056,Ernen,492,14
6057,Fiesch,891,81
6058,Fieschertal,320,2
6061,Lax,315,58
6076,Obergoms,656,4
6077,Goms,1'184,9
6082,Ayent,4'094,74
6083,Evolène,1'669,8
6084,Hérémence,1'421,13
6087,Saint-Martin (VS),838,23
6089,Vex,1'805,138
6090,Mont-Noble,1'110,25
6101,Agarn,723,95
6102,Albinen,240,15
6104,Ergisch,179,6
6109,Inden,108,11
6110,Leuk,3'932,71
6111,Leukerbad,1'319,20
6112,Oberems,125,2
6113,Salgesch,1'540,136
6116,Varen,658,51
6117,Guttet-Feschel,408,39
6118,Gampel-Bratsch,1'956,85
6119,Turtmann-Unterems,1'100,26
6131,Bovernier,915,70
6133,Fully,8'731,231
6134,Isérables,832,55
6135,Leytron,3'222,120
6136,Martigny,20'210,620
6137,Martigny-Combe,2'292,61
6139,Riddes,3'159,132
6140,Saillon,2'687,196
6141,Saxon,6'086,262
6142,Trient,165,4
6151,Champéry,1'338,34
6152,Collombey-Muraz,9'467,318
6153,Monthey,17'894,623
6154,Port-Valais,4'201,293
6155,Saint-Gingolph,967,67
6156,Troistorrents,4'748,128
6157,Val-d'Illiez,2'025,52
6158,Vionnaz,2'732,130
6159,Vouvry,4'257,127
6172,Bister,33,6
6173,Bitsch,1'002,173
6177,Grengiols,425,7
6181,Riederalp,441,23
6191,Ausserberg,633,42
6192,Blatten,292,3
6193,Bürchen,744,55
6194,Eischoll,446,32
6195,Ferden,250,9
6197,Kippel,318,27
6198,Niedergesteln,731,41
6199,Raron,1'945,64
6201,Unterbäch,437,20
6202,Wiler (Lötschen),555,37
6203,Mörel-Filet,695,81
6204,Steg-Hohtenn,1'603,114
6205,Bettmeralp,450,16
6211,Collonges,826,68
6212,Dorénaz,1'007,80
6213,Evionnaz,1'305,27
6214,Finhaut,372,16
6215,Massongex,1'818,274
6217,Saint-Maurice,4'556,305
6218,Salvan,1'416,26
6219,Vernayaz,1'874,335
6220,Vérossaz,774,54
6232,Chalais,3'542,146
6235,Chippis,1'588,806
6238,Grône,2'447,121
6239,Icogne,593,24
6240,Lens,4'226,302
6246,Saint-Léonard,2'428,624
6248,Sierre,16'842,880
6252,Anniviers,2'717,11
6253,Crans-Montana,10'365,174
6254,Noble-Contrée,4'512,694
6261,Arbaz,1'302,68
6263,Grimisuat,3'509,789
6265,Savièse,7'814,110
6266,Sion,34'710,995
6267,Veysonnaz,590,518
6281,Baltschieder,1'331,42
6282,Eisten,194,5
6283,Embd,280,21
6285,Grächen,1'233,86
6286,Lalden,638,491
6287,Randa,435,8
6288,Saas-Almagell,363,3
6289,Saas-Balen,335,11
6290,Saas-Fee,1'544,38
6291,Saas-Grund,986,40
6292,St. Niklaus,2'235,25
6293,Stalden (VS),1'062,101
6294,Staldenried,537,38
6295,Täsch,1'314,22
6296,Törbel,488,28
6297,Visp,7'978,604
6298,Visperterminen,1'337,26
6299,Zeneggen,290,38
6300,Zermatt,5'765,24
6404,Boudry,6'237,372
6408,Cortaillod,4'746,1'290
6413,Rochefort,1'243,48
6416,Milvignes,8'995,1'024
6417,La Grande Béroche,8'795,209
6421,La Chaux-de-Fonds,37'494,673
6422,Les Planchettes,212,18
6423,La Sagne,1'037,41
6432,La Brévine,622,15
6433,Brot-Plamboz,284,18
6434,Le Cerneux-Péquignot,312,20
6435,La Chaux-du-Milieu,496,29
6436,Le Locle,11'132,321
6437,Les Ponts-de-Martel,1'222,67
6451,Cornaux,1'558,329
6452,Cressier (NE),1'898,221
6453,Enges,266,28
6454,Hauterive (NE),2'652,1'245
6455,Le Landeron,4'607,448
6456,Lignières,980,78
6458,Neuchâtel,44'588,1'483
6459,Saint-Blaise,3'264,368
6461,La Tène,5'083,961
6487,Val-de-Ruz,17'017,137
6504,La Côte-aux-Fées,445,35
6511,Les Verrières,644,22
6512,Val-de-Travers,10'667,86
6601,Aire-la-Ville,1'169,399
6602,Anières,2'387,617
6603,Avully,1'712,371
6604,Avusy,1'401,271
6605,Bardonnex,2'277,455
6606,Bellevue,3'380,775
6607,Bernex,10'244,791
6608,Carouge (GE),22'621,8'378
6609,Cartigny,986,225
6610,Céligny,791,170
6611,Chancy,1'698,316
6612,Chêne-Bougeries,12'504,3'020
6613,Chêne-Bourg,8'674,6'777
6614,Choulex,1'188,304
6615,Collex-Bossy,1'709,248
6616,Collonge-Bellerive,8'299,1'356
6617,Cologny,5'598,1'530
6618,Confignon,4'631,1'672
6619,Corsier (GE),2'186,798
6620,Dardagny,1'867,217
6621,Genève,203'951,12'811
6622,Genthod,2'840,990
6623,Le Grand-Saconnex,12'275,2'803
6624,Gy,483,147
6625,Hermance,1'047,727
6626,Jussy,1'241,109
6627,Laconnex,684,179
6628,Lancy,33'377,6'997
6629,Meinier,2'116,304
6630,Meyrin,25'745,2'590
6631,Onex,19'058,6'758
6632,Perly-Certoux,3'099,1'220
6633,Plan-les-Ouates,10'620,1'815
6634,Pregny-Chambésy,3'775,1'165
6635,Presinge,723,154
6636,Puplinge,2'468,924
6637,Russin,541,110
6638,Satigny,4'273,226
6639,Soral,955,325
6640,Thônex,14'182,3'713
6641,Troinex,2'520,735
6642,Vandoeuvres,2'577,583
6643,Vernier,34'958,4'546
6644,Versoix,13'411,1'277
6645,Veyrier,11'887,1'829
6702,Boécourt,925,75
6703,Bourrignon,261,19
6704,Châtillon (JU),483,91
6706,Courchapoix,437,68
6708,Courrendlin,3'552,165
6709,Courroux,3'298,167
6710,Courtételle,2'653,196
6711,Delémont,12'566,572
6712,Develier,1'381,111
6713,Ederswiler,119,36
6715,Mervelier,523,54
6716,Mettembert,105,45
6718,Movelier,434,54
6719,Pleigne,352,20
6721,Rossemaison,674,357
6722,Saulcy,269,34
6724,Soyhières,431,57
6729,Haute-Sorne,7'071,100
6730,Val Terbi,3'205,69
6741,Le Bémont (JU),322,28
6742,Les Bois,1'232,50
6743,Les Breuleux,1'533,142
6744,La Chaux-des-Breuleux,99,24
6745,Les Enfers,149,21
6748,Les Genevez (JU),504,37
6750,Lajoux (JU),672,54
6751,Montfaucon,583,32
6753,Muriaux,494,29
6754,Le Noirmont,1'883,92
6757,Saignelégier,2'632,83
6758,Saint-Brais,221,15
6759,Soubey,123,9
6771,Alle,1'902,179
6773,Beurnevésin,117,23
6774,Boncourt,1'217,135
6775,Bonfol,652,48
6778,Bure,648,47
6781,Coeuve,721,62
6782,Cornol,1'043,100
6783,Courchavon,303,49
6784,Courgenay,2'379,129
6785,Courtedoux,772,94
6787,Damphreux,179,32
6789,Fahy,349,45
6790,Fontenais,1'696,85
6792,Grandfontaine,388,43
6793,Lugnez,182,36
6800,Porrentruy,6'563,445
6806,Vendlincourt,559,61
6807,Basse-Allaine,1'238,54
6808,Clos du Doubs,1'263,20
6809,Haute-Ajoie,1'085,27
6810,La Baroche,1'142,37